{
  "dataset_revision": "0fd18e25b25c072e09e0d92ab615fda904d66300",
  "mteb_dataset_name": "Banking77Classification",
  "mteb_version": "1.1.2",
  "test": {
    "accuracy": 0.6915909090909091,
    "accuracy_stderr": 0.008241190986442513,
    "evaluation_time": 14.81,
    "f1": 0.6785222269819247,
    "f1_stderr": 0.00878970475370948,
    "main_score": 0.6915909090909091
  }
}